image,label
000.png,0
001.png,0
002.png,0
003.png,0
004.png,0
005.png,0
006.png,0
007.png,0
008.png,0
009.png,0
010.png,0
011.png,0
012.png,0
013.png,0
014.png,0
015.png,0
016.png,0
017.png,0
018.png,0
019.png,0
020.png,0
021.png,0
022.png,0
023.png,0
024.png,0
025.png,0
026.png,0
027.png,0
028.png,0
029.png,0
030.png,0
031.png,0
032.png,0
033.png,0
034.png,0
035.png,0
036.png,0
037.png,0
038.png,0
039.png,0
040.png,0
041.png,0
042.png,0
043.png,0
044.png,0
045.png,0
046.png,0
047.png,0
048.png,0
049.png,0
050.png,0
051.png,0
052.png,0
053.png,0
054.png,0
055.png,0
056.png,0
057.png,0
058.png,0
059.png,0
060.png,0
061.png,0
062.png,0
063.png,0
064.png,0
065.png,0
066.png,0
067.png,0
068.png,0
069.png,0
070.png,0
071.png,0
072.png,0
073.png,0
074.png,0
075.png,0
076.png,0
077.png,0
078.png,0
079.png,0
080.png,0
081.png,0
082.png,0
083.png,0
084.png,0
085.png,0
086.png,0
087.png,0
088.png,0
089.png,0
090.png,0
091.png,0
092.png,0
093.png,0
094.png,0
095.png,0
096.png,0
097.png,0
098.png,0
099.png,0
100.png,0
101.png,0
102.png,0
103.png,0
104.png,0
105.png,0
106.png,0
107.png,0
108.png,0
109.png,0
110.png,0
111.png,0
112.png,0
113.png,0
114.png,0
115.png,0
116.png,0
117.png,0
118.png,0
119.png,0
120.png,0
121.png,0
122.png,0
123.png,0
124.png,0
125.png,0
126.png,0
127.png,0
128.png,0
129.png,0
130.png,0
131.png,0
132.png,0
133.png,0
134.png,0
135.png,0
136.png,0
137.png,0
138.png,0
139.png,0
140.png,0
141.png,0
142.png,0
143.png,0
144.png,0
145.png,0
146.png,0
147.png,0
148.png,0
149.png,0
150.png,0
151.png,0
152.png,0
153.png,0
154.png,0
155.png,0
156.png,0
157.png,0
158.png,0
159.png,0
160.png,0
161.png,0
162.png,0
163.png,0
164.png,0
165.png,0
166.png,0
167.png,0
168.png,0
169.png,0
170.png,0
171.png,0
172.png,0
173.png,0
174.png,0
175.png,0
176.png,0
177.png,0
178.png,0
179.png,0
180.png,0
181.png,0
182.png,0
183.png,0
184.png,0
185.png,0
186.png,0
187.png,0
188.png,0
189.png,0
190.png,0
191.png,0
192.png,0
193.png,0
194.png,0
195.png,0
196.png,0
197.png,0
198.png,0
199.png,0
200.png,0
201.png,0
202.png,0
203.png,0
204.png,0
205.png,0
206.png,0
207.png,0
208.png,0
209.png,0
210.png,0
211.png,0
212.png,0
213.png,0
214.png,0
215.png,0
216.png,0
217.png,0
218.png,0
219.png,0
220.png,0
221.png,0
222.png,0
223.png,0
224.png,0
225.png,0
226.png,0
227.png,0
228.png,0
229.png,0
230.png,0
231.png,0
232.png,0
233.png,0
234.png,0
235.png,0
236.png,0
237.png,0
238.png,0
239.png,0
240.png,0
241.png,0
242.png,0
243.png,0
244.png,0
245.png,0
246.png,0
247.png,0
248.png,0
249.png,0
250.png,0
251.png,0
252.png,0
253.png,0
254.png,0
255.png,0
256.png,0
257.png,0
258.png,0
259.png,0
260.png,0
261.png,0
262.png,0
263.png,0
264.png,0
265.png,0
266.png,0
267.png,0
268.png,0
269.png,0
270.png,0
271.png,0
272.png,0
273.png,0
274.png,0
275.png,0
276.png,0
277.png,0
278.png,0
279.png,0
280.png,0
281.png,0
282.png,0
283.png,0
284.png,0
285.png,0
286.png,0
287.png,0
288.png,0
289.png,0
290.png,0
291.png,0
292.png,0
293.png,0
294.png,0
295.png,0
296.png,0
297.png,0
298.png,0
299.png,0
300.png,0
301.png,0
302.png,0
303.png,0
304.png,0
305.png,0
306.png,0
307.png,0
308.png,0
309.png,0
310.png,0
311.png,0
312.png,0
313.png,0
314.png,0
315.png,0
316.png,0
317.png,0
318.png,0
319.png,0
320.png,0
321.png,0
322.png,0
323.png,0
324.png,0
325.png,0
326.png,0
327.png,0
328.png,0
329.png,0
330.png,0
331.png,0
332.png,0
333.png,0
334.png,0
335.png,0
336.png,0
337.png,0
338.png,0
339.png,0
340.png,0
341.png,0
342.png,0
343.png,0
344.png,0
345.png,0
346.png,0
347.png,0
348.png,0
349.png,0
350.png,0
351.png,0
352.png,0
353.png,0
354.png,0
355.png,0
356.png,0
357.png,0
358.png,0
359.png,0
360.png,0
361.png,0
362.png,0
363.png,0
364.png,0
365.png,0
366.png,0
367.png,0
368.png,0
369.png,0
370.png,0
371.png,0
372.png,0
373.png,0
374.png,0
375.png,0
376.png,0
377.png,0
378.png,0
379.png,0
380.png,0
381.png,0
382.png,0
383.png,0
384.png,0
385.png,0
386.png,0
387.png,0
388.png,0
389.png,0
390.png,0
391.png,0
392.png,0
393.png,0
394.png,0
395.png,0
396.png,0
397.png,0
398.png,0
399.png,0
400.png,0
401.png,0
402.png,0
403.png,0
404.png,0
405.png,0
406.png,0
407.png,0
408.png,0
409.png,0
410.png,0
411.png,0
412.png,0
413.png,0
414.png,0
415.png,0
416.png,0
417.png,0
418.png,0
419.png,0
420.png,0
421.png,0
422.png,0
423.png,0
424.png,0
425.png,0
426.png,0
427.png,0
428.png,0
429.png,0
430.png,0
431.png,0
432.png,0
433.png,0
434.png,0
435.png,0
436.png,0
437.png,0
438.png,0
439.png,0
440.png,0
441.png,0
442.png,0
443.png,0
444.png,0
445.png,0
446.png,0
447.png,0
448.png,0
449.png,0
450.png,0
451.png,0
452.png,0
453.png,0
454.png,0
455.png,0
456.png,0
457.png,0
458.png,0
459.png,0
460.png,0
461.png,0
462.png,0
463.png,0
464.png,0
465.png,0
466.png,0
467.png,0
468.png,0
469.png,0
470.png,0
471.png,0
472.png,0
473.png,0
474.png,0
475.png,0
476.png,0
477.png,0
478.png,0
479.png,0
480.png,0
481.png,0
482.png,0
483.png,0
484.png,0
485.png,0
486.png,0
487.png,0
488.png,0
489.png,0
490.png,0
491.png,0
492.png,0
493.png,0
494.png,0
495.png,0
496.png,0
497.png,0
498.png,0
499.png,0
500.png,0
501.png,0
502.png,0
503.png,0
504.png,0
505.png,0
506.png,0
507.png,0
508.png,0
509.png,0
510.png,0
511.png,0
512.png,0
513.png,0
514.png,0
515.png,0
516.png,0
517.png,0
518.png,0
519.png,0
520.png,0
521.png,0
522.png,0
523.png,0
524.png,0
525.png,0
526.png,0
527.png,0
528.png,0
529.png,0
530.png,0
531.png,0
532.png,0
533.png,0
534.png,0
535.png,0
536.png,0
537.png,0
538.png,0
539.png,0
540.png,0
541.png,0
542.png,0
543.png,0
544.png,0
545.png,0
546.png,0
547.png,0
548.png,0
549.png,0
550.png,0
551.png,0
552.png,0
553.png,0
554.png,0
555.png,0
556.png,0
557.png,0
558.png,0
559.png,0
560.png,0
561.png,0
562.png,0
563.png,0
564.png,0
565.png,0
566.png,0
567.png,0
568.png,0
569.png,0
570.png,0
571.png,0
572.png,0
573.png,0
574.png,0
575.png,0
576.png,0
577.png,0
578.png,0
579.png,0
580.png,0
581.png,0
582.png,0
583.png,0
584.png,0
585.png,0
586.png,0
587.png,0
588.png,0
589.png,0
590.png,0
591.png,0
592.png,0
593.png,0
594.png,0
595.png,0
596.png,0
597.png,0
598.png,0
599.png,0
600.png,0
601.png,0
602.png,0
603.png,0
604.png,0
605.png,0
606.png,0
607.png,0
608.png,0
609.png,0
610.png,0
611.png,0
612.png,0
613.png,0
614.png,0
615.png,0
616.png,0
617.png,0
618.png,0
619.png,0
620.png,0
621.png,0
622.png,0
623.png,0
624.png,0
625.png,0
626.png,0
627.png,0
628.png,0
629.png,0
630.png,0
631.png,0
632.png,0
633.png,0
634.png,0
635.png,0
636.png,0
637.png,0
638.png,0
639.png,0
640.png,0
641.png,0
642.png,0
643.png,0
644.png,0
645.png,0
646.png,0
647.png,0
648.png,0
649.png,0
650.png,0
651.png,0
652.png,0
653.png,0
654.png,0
655.png,0
656.png,0
657.png,0
658.png,0
659.png,0
660.png,0
661.png,0
662.png,0
663.png,0
664.png,0
665.png,0
666.png,0
667.png,0
668.png,0
669.png,0
670.png,0
671.png,0
672.png,0
673.png,0
674.png,0
675.png,0
676.png,0
677.png,0
678.png,0
679.png,0
680.png,0
681.png,0
682.png,0
683.png,0
684.png,0
685.png,0
686.png,0
687.png,0
688.png,0
689.png,0
690.png,0
691.png,0
692.png,0
693.png,0
694.png,0
695.png,0
696.png,0
697.png,0
698.png,0
699.png,0
700.png,0
701.png,0
702.png,0
703.png,0
704.png,0
705.png,0
706.png,0
707.png,0
708.png,0
709.png,0
710.png,0
711.png,0
712.png,0
713.png,0
714.png,0
715.png,0
716.png,0
717.png,0
718.png,0
719.png,0
720.png,0
721.png,0
722.png,0
723.png,0
724.png,0
725.png,0
726.png,0
727.png,0
728.png,0
729.png,0
730.png,0
731.png,0
732.png,0
733.png,0
734.png,0
735.png,0
736.png,0
737.png,0
738.png,0
739.png,0
740.png,0
741.png,0
742.png,0
743.png,0
744.png,0
745.png,0
746.png,0
747.png,0
748.png,0
749.png,0
750.png,0
751.png,0
752.png,0
753.png,0
754.png,0
755.png,0
756.png,0
757.png,0
758.png,0
759.png,0
760.png,0
761.png,0
762.png,0
763.png,0
764.png,0
765.png,0
766.png,0
767.png,0
768.png,0
769.png,0
770.png,0
771.png,0
772.png,0
773.png,0
774.png,0
775.png,0
776.png,0
777.png,0
778.png,0
779.png,0
780.png,0
781.png,0
782.png,0
783.png,0
784.png,0
785.png,0
786.png,0
787.png,0
788.png,0
789.png,0
790.png,0
791.png,0
792.png,0
793.png,0
794.png,0
795.png,0
796.png,0
797.png,0
798.png,0
799.png,0
800.png,0
801.png,0
802.png,0
803.png,0
804.png,0
805.png,0
806.png,0
807.png,0
808.png,0
809.png,0
810.png,0
811.png,0
812.png,0
813.png,0
814.png,0
815.png,0
816.png,0
817.png,0
818.png,0
819.png,0
820.png,0
821.png,0
822.png,0
823.png,0
824.png,0
825.png,0
826.png,0
827.png,0
828.png,0
829.png,0
830.png,0
831.png,0
832.png,0
833.png,0
834.png,0
835.png,0
836.png,0
837.png,0
838.png,0
839.png,0
840.png,0
841.png,0
842.png,0
843.png,0
844.png,0
845.png,0
846.png,0
847.png,0
848.png,0
849.png,0
850.png,0
851.png,0
852.png,0
853.png,0
854.png,0
855.png,0
856.png,0
857.png,0
858.png,0
859.png,0
860.png,0
861.png,0
862.png,0
863.png,0
864.png,0
865.png,0
866.png,0
867.png,0
868.png,0
869.png,0
870.png,0
871.png,0
872.png,0
873.png,0
874.png,0
875.png,0
876.png,0
877.png,0
878.png,0
879.png,0
880.png,0
881.png,0
882.png,0
883.png,0
884.png,0
885.png,0
886.png,0
887.png,0
888.png,0
889.png,0
890.png,0
891.png,0
892.png,0
893.png,0
894.png,0
895.png,0
896.png,0
897.png,0
898.png,0
899.png,0
900.png,0
901.png,0
902.png,0
903.png,0
904.png,0
905.png,0
906.png,0
907.png,0
908.png,0
909.png,0
910.png,0
911.png,0
912.png,0
